<?xml version="1.0" encoding="UTF-8"?>
<metadata>
  <idinfo>
    <descript>
      <abstract>None</abstract>
      <purpose />
      <supplinf />
    </descript>
    <useconst>(http://creativecommons.org/licenses/by/3.0)This work is licensed under a Creative Commons Attribution 3.0 License (http://creativecommons.org/licenses/by/3.0).</useconst>
    <datacred />
    <citation>
      <citeinfo>
        <title>richness_10km_Chiroptera_raster</title>
        <pubdate />
        <othercit />
        <origin />
        <onlink>http://app.databasin.org/app/pages/datasetPage.jsp?id=bdc972049e0f476481e2c1f572fe7eeb</onlink>
        <pubinfo>
          <publish />
          <pubplace />
        </pubinfo>
      </citeinfo>
    </citation>
    <ptcontac>
      <cntinfo>
        <cntperp>
          <cntper />
          <cntorg />
        </cntperp>
        <cntemail />
      </cntinfo>
    </ptcontac>
    <status>
      <progress />
      <update />
    </status>
    <timeperd>
      <timeinfo>
        <sngdate>July 2013 update</sngdate>
        <current />
      </timeinfo>
    </timeperd>
    <keywords>
      <theme>
        <themekey>biodiversity</themekey>
        <themekey>mammals</themekey>
        <themekt>Data Basin tags</themekt>
      </theme>
    </keywords>
    <spdom>
      <bounding>
        <northbc>86.05570419130932</northbc>
        <eastbc>179.99999999998656</eastbc>
        <southbc>-88.99999999999993</southbc>
        <westbc>-179.99999999998656</westbc>
      </bounding>
    </spdom>
  </idinfo>
  <dataqual>
    <attracc>
      <attraccr />
    </attracc>
    <complete />
    <lineage />
  </dataqual>
  <eainfo>
    <detailed>
      <attr>
        <attrlabl>OBJECTID</attrlabl>
        <attalias>OBJECTID</attalias>
        <attrdef>Internal feature number.</attrdef>
        <attrdomv />
      </attr>
      <attr>
        <attrlabl>Value</attrlabl>
        <attalias>Value</attalias>
        <attrdef>Value</attrdef>
        <attrdomv />
      </attr>
      <attr>
        <attrlabl>Count</attrlabl>
        <attalias>Count</attalias>
        <attrdef />
        <attrdomv />
      </attr>
    </detailed>
  </eainfo>
  <distinfo>
    <distrib>
      <cntinfo>
        <cntorgp>
          <cntorg>Data Basin</cntorg>
          <cntper>Data Basin Administrator</cntper>
        </cntorgp>
        <cntaddr>
          <addrtype>physical address</addrtype>
          <address>136 SW Washington Ave, Suite 202</address>
          <city>Corvallis</city>
          <state>OR</state>
          <postal>97333</postal>
          <country>USA</country>
        </cntaddr>
        <cntvoice>541-757-0687</cntvoice>
        <cntemail>databasin_admin@consbio.org</cntemail>
      </cntinfo>
    </distrib>
    <resdesc>richness_10km_Chiroptera_raster</resdesc>
    <distliab>No warranty is made by Data Basin for use of this dataset.  No warranty is made by Data Basin regarding the accuracy, reliability, or completeness of this dataset. In no event shall Data Basin have any liability whatsoever for payment of any consequential, incidental, indirect, special, or tort damages of any kind, including, but not limited to, any loss of profits arising out of the use or reliance on the geographic or attribute data contained within this dataset or arising out of the delivery, installation, operation, or support by Data Basin.</distliab>
    <stdorder>
      <digform>
        <digtinfo>
          <formname>Raster Layer</formname>
          <formvern>ArcGIS  10</formvern>
          <formspec>Raster Layer</formspec>
          <filedec>No compression applied</filedec>
        </digtinfo>
        <digtopt>
          <onlinopt>
            <computer>
              <networka>
                <networkr>http://app.databasin.org/app/pages/datasetPage.jsp?id=bdc972049e0f476481e2c1f572fe7eeb</networkr>
              </networka>
            </computer>
            <accinstr>Download from http://databasin.org</accinstr>
          </onlinopt>
        </digtopt>
      </digform>
      <fees>None</fees>
      <ordering>Download from http://databasin.org</ordering>
    </stdorder>
    <techpreq>ESRI ArcGIS Desktop and supporting operating systems.</techpreq>
  </distinfo>
</metadata>

