<?xml version="1.0" encoding="UTF-8"?>
<metadata xml:lang="en">
  <Esri>
    <CreaDate>20130811</CreaDate>
    <CreaTime>12245000</CreaTime>
    <ArcGISFormat>1.0</ArcGISFormat>
    <ArcGISstyle>ISO 19139 Metadata Implementation Specification</ArcGISstyle>
    <SyncOnce>FALSE</SyncOnce>
    <DataProperties>
      <lineage>
        <Process ToolSource="c:\program files (x86)\arcgis\desktop10.1\ArcToolbox\Toolboxes\Conversion Tools.tbx\FeatureToRaster" Date="20130811" Time="122450">FeatureToRaster richness_10km_all_spp Join_Count T:\DATA2\Biodiversity\Mammals\Global_Mammals\July_2013\Mammals.gdb\richness_10km_all_spp_raster 10000</Process>
        <Process ToolSource="c:\program files (x86)\arcgis\desktop10.2\ArcToolbox\Toolboxes\Data Management Tools.tbx\CopyRaster" Date="20140216" Time="181900">CopyRaster T:\DATA2\Biodiversity\Mammals\Global_Mammals\July_2013\Mammals.gdb\richness_10km_all_spp_raster "C:\Users\Clinton Jenkins\Dropbox\Biodiversity Mapping website\biodiversitymapping_website_downloadable_16February2014a\v101\mammals.gdb\richness_10km_all_spp_raster" # # 255 NONE NONE # NONE NONE</Process>
        <Process ToolSource="c:\program files (x86)\arcgis\desktop10.2\ArcToolbox\Toolboxes\Data Management Tools.tbx\CopyRaster" Date="20140224" Time="104509">CopyRaster C:\Users\Carley\Documents\ArcGIS\Packages\biodiversitymapping_website_downloadable_16February2014_BA9FAD52-52D0-4BC5-8FFB-C31E43780BF2\v101\mammals.gdb\richness_10km_all_spp_raster Z:\Users\Carley\Biodiversity\Allspecies\v101\mammals.gdb\richness_10km_all_spp_raster # # 255 NONE NONE # NONE NONE</Process>
      </lineage>
      <itemProps>
        <itemName Sync="TRUE">richness_10km_all_spp_raster</itemName>
        <imsContentType Sync="TRUE">002</imsContentType>
        <nativeExtBox>
          <westBL Sync="TRUE">-16653772.674011</westBL>
          <eastBL Sync="TRUE">16656227.325989</eastBL>
          <southBL Sync="TRUE">-8420600.285583</southBL>
          <northBL Sync="TRUE">8379399.714417</northBL>
          <exTypeCode Sync="TRUE">1</exTypeCode>
        </nativeExtBox>
        <itemLocation>
          <linkage Sync="TRUE">file://\\rainier\public\Users\Carley\Biodiversity\Allspecies\v101\mammals.gdb</linkage>
          <protocol Sync="TRUE">Local Area Network</protocol>
        </itemLocation>
      </itemProps>
      <coordRef>
        <type Sync="TRUE">Projected</type>
        <geogcsn Sync="TRUE">GCS_WGS_1984</geogcsn>
        <csUnits Sync="TRUE">Linear Unit: Meter (1.000000)</csUnits>
        <projcsn Sync="TRUE">World_Eckert_IV</projcsn>
        <peXml Sync="TRUE">&lt;ProjectedCoordinateSystem xsi:type='typens:ProjectedCoordinateSystem' xmlns:xsi='http://www.w3.org/2001/XMLSchema-instance' xmlns:xs='http://www.w3.org/2001/XMLSchema' xmlns:typens='http://www.esri.com/schemas/ArcGIS/10.1'&gt;&lt;WKT&gt;PROJCS[&amp;quot;World_Eckert_IV&amp;quot;,GEOGCS[&amp;quot;GCS_WGS_1984&amp;quot;,DATUM[&amp;quot;D_WGS_1984&amp;quot;,SPHEROID[&amp;quot;WGS_1984&amp;quot;,6378137.0,298.257223563]],PRIMEM[&amp;quot;Greenwich&amp;quot;,0.0],UNIT[&amp;quot;Degree&amp;quot;,0.0174532925199433]],PROJECTION[&amp;quot;Eckert_IV&amp;quot;],PARAMETER[&amp;quot;False_Easting&amp;quot;,0.0],PARAMETER[&amp;quot;False_Northing&amp;quot;,0.0],PARAMETER[&amp;quot;Central_Meridian&amp;quot;,0.0],UNIT[&amp;quot;Meter&amp;quot;,1.0],AUTHORITY[&amp;quot;ESRI&amp;quot;,54012]]&lt;/WKT&gt;&lt;XOrigin&gt;-16921400&lt;/XOrigin&gt;&lt;YOrigin&gt;-8460800&lt;/YOrigin&gt;&lt;XYScale&gt;266148169.02682373&lt;/XYScale&gt;&lt;ZOrigin&gt;-100000&lt;/ZOrigin&gt;&lt;ZScale&gt;10000&lt;/ZScale&gt;&lt;MOrigin&gt;-100000&lt;/MOrigin&gt;&lt;MScale&gt;10000&lt;/MScale&gt;&lt;XYTolerance&gt;0.001&lt;/XYTolerance&gt;&lt;ZTolerance&gt;0.001&lt;/ZTolerance&gt;&lt;MTolerance&gt;0.001&lt;/MTolerance&gt;&lt;HighPrecision&gt;true&lt;/HighPrecision&gt;&lt;WKID&gt;54012&lt;/WKID&gt;&lt;LatestWKID&gt;54012&lt;/LatestWKID&gt;&lt;/ProjectedCoordinateSystem&gt;</peXml>
      </coordRef>
    </DataProperties>
    <SyncDate>20140224</SyncDate>
    <SyncTime>10450700</SyncTime>
    <ModDate>20140224</ModDate>
    <ModTime>10450700</ModTime>
  </Esri>
  <dataIdInfo>
    <envirDesc Sync="TRUE">Microsoft Windows 7 Version 6.1 (Build 7601) Service Pack 1; Esri ArcGIS 10.2.1.3497</envirDesc>
    <dataLang>
      <languageCode value="eng" Sync="TRUE" />
      <countryCode value="USA" Sync="TRUE" />
    </dataLang>
    <idCitation>
      <resTitle Sync="TRUE">richness_10km_all_spp_raster</resTitle>
      <presForm>
        <PresFormCd value="011" Sync="TRUE" />
      </presForm>
    </idCitation>
    <spatRpType>
      <SpatRepTypCd value="002" Sync="TRUE" />
    </spatRpType>
    <dataExt>
      <geoEle>
        <GeoBndBox esriExtentType="search">
          <exTypeCode Sync="TRUE">1</exTypeCode>
          <westBL Sync="TRUE">-179.999989</westBL>
          <eastBL Sync="TRUE">179.999989</eastBL>
          <northBL Sync="TRUE">83.788132</northBL>
          <southBL Sync="TRUE">-85.696338</southBL>
        </GeoBndBox>
      </geoEle>
    </dataExt>
  </dataIdInfo>
  <mdLang>
    <languageCode value="eng" Sync="TRUE" />
    <countryCode value="USA" Sync="TRUE" />
  </mdLang>
  <distInfo>
    <distFormat>
      <formatName Sync="TRUE">File Geodatabase Raster Dataset</formatName>
    </distFormat>
  </distInfo>
  <mdHrLv>
    <ScopeCd value="005" Sync="TRUE" />
  </mdHrLv>
  <mdHrLvName Sync="TRUE">dataset</mdHrLvName>
  <refSysInfo>
    <RefSystem>
      <refSysID>
        <identCode code="54012" Sync="TRUE" />
        <idCodeSpace Sync="TRUE">ESRI</idCodeSpace>
        <idVersion Sync="TRUE">10.2.1</idVersion>
      </refSysID>
    </RefSystem>
  </refSysInfo>
  <spdoinfo>
    <rastinfo>
      <rasttype Sync="TRUE">Pixel</rasttype>
      <rowcount Sync="TRUE">1680</rowcount>
      <colcount Sync="TRUE">3331</colcount>
      <rastxsz Sync="TRUE">10000.000000</rastxsz>
      <rastysz Sync="TRUE">10000.000000</rastysz>
      <rastbpp Sync="TRUE">8</rastbpp>
      <vrtcount Sync="TRUE">1</vrtcount>
      <rastorig Sync="TRUE">Upper Left</rastorig>
      <rastcmap Sync="TRUE">FALSE</rastcmap>
      <rastcomp Sync="TRUE">LZ77</rastcomp>
      <rastband Sync="TRUE">1</rastband>
      <rastdtyp Sync="TRUE">pixel codes</rastdtyp>
      <rastifor Sync="TRUE">FGDBR</rastifor>
      <rastplyr Sync="TRUE">TRUE</rastplyr>
    </rastinfo>
  </spdoinfo>
  <spref>
    <horizsys>
      <planar>
        <planci>
          <plance Sync="TRUE">row and column</plance>
          <coordrep>
            <absres Sync="TRUE">10000.000000</absres>
            <ordres Sync="TRUE">10000.000000</ordres>
          </coordrep>
        </planci>
      </planar>
    </horizsys>
  </spref>
  <eainfo>
    <detailed Name="VAT_richness_10km_all_spp_raster">
      <enttyp>
        <enttypl Sync="TRUE">VAT_richness_10km_all_spp_raster</enttypl>
        <enttypt Sync="TRUE">Table</enttypt>
        <enttypc Sync="TRUE">217</enttypc>
      </enttyp>
      <attr>
        <attrlabl Sync="TRUE">OBJECTID</attrlabl>
        <attalias Sync="TRUE">OBJECTID</attalias>
        <attrtype Sync="TRUE">OID</attrtype>
        <attwidth Sync="TRUE">4</attwidth>
        <atprecis Sync="TRUE">0</atprecis>
        <attscale Sync="TRUE">0</attscale>
        <attrdef Sync="TRUE">Internal feature number.</attrdef>
        <attrdefs Sync="TRUE">Esri</attrdefs>
        <attrdomv>
          <udom Sync="TRUE">Sequential unique whole numbers that are automatically generated.</udom>
        </attrdomv>
      </attr>
      <attr>
        <attrlabl Sync="TRUE">Value</attrlabl>
        <attalias Sync="TRUE">Value</attalias>
        <attrtype Sync="TRUE">Integer</attrtype>
        <attwidth Sync="TRUE">4</attwidth>
        <atprecis Sync="TRUE">0</atprecis>
        <attscale Sync="TRUE">0</attscale>
        <attrdef />
        <attrdomv />
      </attr>
      <attr>
        <attrlabl Sync="TRUE">Count</attrlabl>
        <attalias Sync="TRUE">Count</attalias>
        <attrtype Sync="TRUE">Double</attrtype>
        <attwidth Sync="TRUE">8</attwidth>
        <atprecis Sync="TRUE">0</atprecis>
        <attscale Sync="TRUE">0</attscale>
        <attrdef />
        <attrdomv />
      </attr>
    </detailed>
  </eainfo>
  <mdDateSt Sync="TRUE">20140224</mdDateSt>
  <idinfo>
    <descript>
      <abstract />
      <purpose />
      <supplinf />
    </descript>
    <useconst />
    <datacred />
    <citation>
      <citeinfo>
        <title />
        <pubdate />
        <othercit />
        <origin />
        <onlink />
        <pubinfo>
          <publish />
          <pubplace />
        </pubinfo>
      </citeinfo>
    </citation>
    <ptcontac>
      <cntinfo>
        <cntperp>
          <cntper />
          <cntorg />
        </cntperp>
        <cntemail />
      </cntinfo>
    </ptcontac>
    <status>
      <progress />
      <update />
    </status>
    <timeperd>
      <timeinfo>
        <current />
        <sngdate />
      </timeinfo>
    </timeperd>
    <keywords />
    <spdom>
      <bounding />
    </spdom>
  </idinfo>
  <dataqual>
    <attracc>
      <attraccr />
    </attracc>
    <complete />
    <lineage />
  </dataqual>
  <distinfo>
    <distrib>
      <cntinfo>
        <cntorgp>
          <cntorg>Data Basin</cntorg>
          <cntper>Data Basin Administrator</cntper>
        </cntorgp>
        <cntaddr>
          <addrtype>physical address</addrtype>
          <address>136 SW Washington Ave, Suite 202</address>
          <city>Corvallis</city>
          <state>OR</state>
          <postal>97333</postal>
          <country>USA</country>
        </cntaddr>
        <cntvoice>541-757-0687</cntvoice>
        <cntemail>databasin_admin@consbio.org</cntemail>
      </cntinfo>
    </distrib>
    <resdesc />
    <distliab>No warranty is made by Data Basin for use of this dataset.  No warranty is made by Data Basin regarding the accuracy, reliability, or completeness of this dataset. In no event shall Data Basin have any liability whatsoever for payment of any consequential, incidental, indirect, special, or tort damages of any kind, including, but not limited to, any loss of profits arising out of the use or reliance on the geographic or attribute data contained within this dataset or arising out of the delivery, installation, operation, or support by Data Basin.</distliab>
    <stdorder>
      <digform>
        <digtinfo>
          <formname />
          <formvern>ArcGIS  10</formvern>
          <formspec />
          <filedec>No compression applied</filedec>
        </digtinfo>
        <digtopt>
          <onlinopt>
            <computer>
              <networka>
                <networkr />
              </networka>
            </computer>
            <accinstr>Download from http://databasin.org</accinstr>
          </onlinopt>
        </digtopt>
      </digform>
      <fees>None</fees>
      <ordering>Download from http://databasin.org</ordering>
    </stdorder>
    <techpreq>ESRI ArcGIS Desktop and supporting operating systems.</techpreq>
  </distinfo>
</metadata>

