<?xml version="1.0" encoding="utf-8" ?>
<ESRI_ItemInformation Culture='en-US'>
<name>bdc972049e0f476481e2c1f572fe7eeb</name>
<guid>E2510939-7160-4576-BF30-DF90BBBBC828</guid>
<catalogpath></catalogpath>
<snippet></snippet>
<description></description>
<summary></summary>
<title>Mammals</title>
<tags></tags>
<type>Layer Package</type>
<typekeywords>
<typekeyword></typekeyword>
<typekeyword></typekeyword>
<typekeyword></typekeyword>
<typekeyword></typekeyword>
<typekeyword></typekeyword>
<typekeyword></typekeyword>
<typekeyword></typekeyword>
<typekeyword></typekeyword>
<typekeyword></typekeyword>
<typekeyword></typekeyword>
<typekeyword></typekeyword>
<typekeyword></typekeyword>
<typekeyword></typekeyword>
<typekeyword></typekeyword>
<typekeyword></typekeyword>
<typekeyword></typekeyword>
<typekeyword></typekeyword>
<typekeyword></typekeyword>
<typekeyword></typekeyword>
<typekeyword></typekeyword>
<typekeyword></typekeyword>
<typekeyword></typekeyword>
<typekeyword></typekeyword>
<typekeyword></typekeyword>
<typekeyword></typekeyword>
<typekeyword></typekeyword>
<typekeyword></typekeyword>
<typekeyword></typekeyword>
<typekeyword></typekeyword>
<typekeyword></typekeyword>
<typekeyword></typekeyword>
<typekeyword></typekeyword>
<typekeyword></typekeyword>
<typekeyword></typekeyword>
<typekeyword></typekeyword>
<typekeyword></typekeyword>
<typekeyword></typekeyword>
<typekeyword></typekeyword>
<typekeyword></typekeyword>
<typekeyword></typekeyword>
<typekeyword></typekeyword>
<typekeyword></typekeyword>
<typekeyword></typekeyword>
<typekeyword></typekeyword>
<typekeyword></typekeyword>
<typekeyword></typekeyword>
<typekeyword></typekeyword>
<typekeyword></typekeyword>
<typekeyword></typekeyword>
<typekeyword></typekeyword>
<typekeyword>Layer Package</typekeyword>
<typekeyword>Data</typekeyword>
<typekeyword>ArcMap</typekeyword>
<typekeyword>.lpk</typekeyword>
</typekeywords>
<thumbnail>thumbnail/thumbnail.png</thumbnail>
<documentation></documentation>
<url></url>
<datalastmodifiedtime></datalastmodifiedtime>
<extent>
<xmin>-179.99999195945</xmin>
<ymin>-89.9773885310593</ymin>
<xmax>179.999991653021</xmax>
<ymax>84.199152805518</ymax>
</extent>
<spatialreference>World_Eckert_IV</spatialreference>
<accessinformation></accessinformation>
</ESRI_ItemInformation>
